{"cameraMode":{"drawMode":0,"name":"Shaded","section":"Shading Mode"},"sceneLighting":false,"audioPlay":false,"sceneViewState":{"m_AlwaysRefresh":false,"showFog":true,"showSkybox":true,"showFlares":true,"showImageEffects":true,"showParticleSystems":true,"showVisualEffectGraphs":true,"m_FxEnabled":true},"in2DMode":false,"pivot":{"x":-1.6380271911621094,"y":6.532503128051758,"z":4.8164520263671879},"rotation":{"x":0.06830399483442307,"y":0.13575288653373719,"z":-0.009381849318742752,"w":0.9883414506912231},"size":26.522661209106447,"orthographic":false}